<?xml version="1.0" encoding="UTF-8"?>

<faces-config
    xmlns="http://java.sun.com/xml/ns/javaee"
    xmlns:xsi="http://www.w3.org/2001/XMLSchema-instance"
    xsi:schemaLocation="http://java.sun.com/xml/ns/javaee http://java.sun.com/xml/ns/javaee/web-facesconfig_1_2.xsd"
    version="1.2">
    <application>
 	
 		<el-resolver>org.springframework.web.jsf.el.SpringBeanFacesELResolver</el-resolver>	
 		<!-- 
 		<variable-resolver>org.springframework.web.jsf.SpringBeanVariableResolver</variable-resolver>
 		 -->
 	</application>
	<managed-bean>
		<managed-bean-name>user</managed-bean-name>
		<managed-bean-class>com.packt.jsf.bean.User</managed-bean-class>
		<managed-bean-scope>session</managed-bean-scope>
	</managed-bean>

</faces-config>
