<beans:beans xmlns="http://www.springframework.org/schema/security"
	xmlns:beans="http://www.springframework.org/schema/beans" 
	xmlns:xsi="http://www.w3.org/2001/XMLSchema-instance"
	xsi:schemaLocation="http://www.springframework.org/schema/beans
	http://www.springframework.org/schema/beans/spring-beans-3.0.xsd
	http://www.springframework.org/schema/security
	http://www.springframework.org/schema/security/spring-security-3.1.xsd">
 
 <global-method-security pre-post-annotations="enabled">
        <!-- AspectJ pointcut expression that locates our "post" method and applies security that way
        <protect-pointcut expression="execution(* bigbank.*Service.post*(..))" access="ROLE_TELLER"/>
        -->
    </global-method-security>

  <http>
	<intercept-url pattern="/welcome" access="ROLE_TELLER" />
	<http-basic />
  </http>
	<authentication-manager>
	  <authentication-provider>
	    <user-service>
		<user name="anjana" password="123456" authorities="ROLE_TELLER" />
	    </user-service>
	  </authentication-provider>
	</authentication-manager>
</beans:beans>